{"cameraMode":{"drawMode":0,"name":"Shaded","section":"Shading Mode"},"sceneLighting":false,"audioPlay":false,"sceneViewState":{"showFog":true,"showMaterialUpdate":false,"showSkybox":false,"showFlares":true,"showImageEffects":true,"showParticleSystems":true},"in2DMode":false,"pivot":{"x":31.039752960205079,"y":0.9974851608276367,"z":48.86346435546875},"rotation":{"x":0.4982381761074066,"y":-0.4239320158958435,"z":0.3052244782447815,"w":0.6920104026794434},"size":11.728324890136719,"orthographic":false}