{"cameraMode":{"drawMode":0,"name":"Shaded","section":"Shading Mode"},"sceneLighting":false,"audioPlay":false,"sceneViewState":{"showFog":true,"showMaterialUpdate":false,"showSkybox":false,"showFlares":true,"showImageEffects":true,"showParticleSystems":true},"in2DMode":false,"pivot":{"x":-20.04075050354004,"y":0.03477001190185547,"z":14.286336898803711},"rotation":{"x":-0.17446428537368775,"y":0.44291672110557558,"z":-0.08831524103879929,"w":-0.8749785423278809},"size":22.201013565063478,"orthographic":false}