{"cameraMode":{"drawMode":0,"name":"Shaded","section":"Shading Mode"},"sceneLighting":false,"audioPlay":false,"sceneViewState":{"showFog":true,"showMaterialUpdate":false,"showSkybox":false,"showFlares":true,"showImageEffects":true,"showParticleSystems":true},"in2DMode":false,"pivot":{"x":31.59555435180664,"y":-1.031689167022705,"z":114.7091293334961},"rotation":{"x":0.07699786871671677,"y":0.2442069798707962,"z":-0.01945571042597294,"w":0.9664655923843384},"size":41.49089050292969,"orthographic":false}