{"cameraMode":{"drawMode":0,"name":"Shaded","section":"Shading Mode"},"sceneLighting":false,"audioPlay":false,"sceneViewState":{"showFog":true,"showMaterialUpdate":false,"showSkybox":false,"showFlares":true,"showImageEffects":true,"showParticleSystems":true},"in2DMode":false,"pivot":{"x":-1.2300000190734864,"y":1.5199999809265137,"z":0.0},"rotation":{"x":0.07819197326898575,"y":-0.5757774114608765,"z":0.05544789507985115,"w":0.8119679689407349},"size":4.041658401489258,"orthographic":false}