{"cameraMode":{"drawMode":0,"name":"Shaded","section":"Shading Mode"},"sceneLighting":false,"audioPlay":false,"sceneViewState":{"showFog":true,"showMaterialUpdate":false,"showSkybox":false,"showFlares":true,"showImageEffects":true,"showParticleSystems":true},"in2DMode":false,"pivot":{"x":-1.9900054931640626,"y":138.56207275390626,"z":2.8899993896484377},"rotation":{"x":0.12405935674905777,"y":-0.5389410853385925,"z":0.08062908053398133,"w":0.8292471766471863},"size":883.4169311523438,"orthographic":false}