{"cameraMode":{"drawMode":0,"name":"Shaded","section":"Shading Mode"},"sceneLighting":false,"audioPlay":false,"sceneViewState":{"showFog":true,"showMaterialUpdate":false,"showSkybox":false,"showFlares":true,"showImageEffects":true,"showParticleSystems":true},"in2DMode":false,"pivot":{"x":-21.67867088317871,"y":-18.180309295654298,"z":63.26488494873047},"rotation":{"x":0.10630977898836136,"y":-0.8849515914916992,"z":0.2477792352437973,"w":0.3796897828578949},"size":131.256103515625,"orthographic":false}