{"cameraMode":{"drawMode":0,"name":"Shaded","section":"Shading Mode"},"sceneLighting":false,"audioPlay":false,"sceneViewState":{"showFog":true,"showMaterialUpdate":false,"showSkybox":false,"showFlares":true,"showImageEffects":true,"showParticleSystems":true},"in2DMode":false,"pivot":{"x":-30.655656814575197,"y":-23.635967254638673,"z":-23.55548095703125},"rotation":{"x":-0.022333720698952676,"y":-0.977662205696106,"z":0.14626462757587434,"w":-0.14928030967712403},"size":176.0176544189453,"orthographic":false}