{"cameraMode":{"drawMode":0,"name":"Shaded","section":"Shading Mode"},"sceneLighting":false,"audioPlay":false,"sceneViewState":{"showFog":true,"showMaterialUpdate":false,"showSkybox":false,"showFlares":true,"showImageEffects":true,"showParticleSystems":true},"in2DMode":false,"pivot":{"x":29.69283676147461,"y":-0.6184892654418945,"z":48.02824020385742},"rotation":{"x":0.3771837055683136,"y":-0.20763210952281953,"z":0.08717692643404007,"w":0.8983438014984131},"size":11.728324890136719,"orthographic":false}