{"cameraMode":{"drawMode":0,"name":"Shaded","section":"Shading Mode"},"sceneLighting":false,"audioPlay":false,"sceneViewState":{"showFog":true,"showMaterialUpdate":false,"showSkybox":false,"showFlares":true,"showImageEffects":true,"showParticleSystems":true},"in2DMode":false,"pivot":{"x":19.070247650146486,"y":3.608335018157959,"z":86.06013488769531},"rotation":{"x":0.06520078331232071,"y":-0.8721681833267212,"z":0.12112979590892792,"w":0.4694669842720032},"size":16.56996726989746,"orthographic":false}