{"cameraMode":{"drawMode":0,"name":"Shaded","section":"Shading Mode"},"sceneLighting":false,"audioPlay":false,"sceneViewState":{"showFog":true,"showMaterialUpdate":false,"showSkybox":false,"showFlares":true,"showImageEffects":true,"showParticleSystems":true},"in2DMode":false,"pivot":{"x":44.468101501464847,"y":-10.231343269348145,"z":24.73681640625},"rotation":{"x":0.01210050005465746,"y":0.9877539873123169,"z":-0.10110339522361756,"w":0.11821118742227555},"size":77.63615417480469,"orthographic":false}