{"cameraMode":{"drawMode":0,"name":"Shaded","section":"Shading Mode"},"sceneLighting":false,"audioPlay":false,"sceneViewState":{"showFog":true,"showMaterialUpdate":false,"showSkybox":false,"showFlares":true,"showImageEffects":true,"showParticleSystems":true},"in2DMode":false,"pivot":{"x":75.74141693115235,"y":-20.082290649414064,"z":24.543609619140626},"rotation":{"x":-0.05326492711901665,"y":-0.9259964823722839,"z":0.14279797673225404,"w":-0.3454013168811798},"size":96.45875549316406,"orthographic":false}