{"cameraMode":{"drawMode":0,"name":"Shaded","section":"Shading Mode"},"sceneLighting":false,"audioPlay":false,"sceneViewState":{"showFog":true,"showMaterialUpdate":false,"showSkybox":false,"showFlares":true,"showImageEffects":true,"showParticleSystems":true},"in2DMode":false,"pivot":{"x":-0.6696786880493164,"y":1.5253263711929322,"z":-1.136652946472168},"rotation":{"x":0.07841464877128601,"y":-0.8667660355567932,"z":0.1443389505147934,"w":0.4708864092826843},"size":2.5740861892700197,"orthographic":false}