{"cameraMode":{"drawMode":0,"name":"Shaded","section":"Shading Mode"},"sceneLighting":false,"audioPlay":false,"sceneViewState":{"showFog":true,"showMaterialUpdate":false,"showSkybox":false,"showFlares":true,"showImageEffects":true,"showParticleSystems":true},"in2DMode":false,"pivot":{"x":23.956954956054689,"y":5.399578094482422,"z":91.19395446777344},"rotation":{"x":0.08801498264074326,"y":-0.9072062969207764,"z":0.23794087767601014,"w":0.33558058738708498},"size":70.15654754638672,"orthographic":false}