{"cameraMode":{"drawMode":0,"name":"Shaded","section":"Shading Mode"},"sceneLighting":false,"audioPlay":false,"sceneViewState":{"showFog":true,"showMaterialUpdate":false,"showSkybox":false,"showFlares":true,"showImageEffects":true,"showParticleSystems":true},"in2DMode":false,"pivot":{"x":-35.105777740478519,"y":-102.17076110839844,"z":218.87657165527345},"rotation":{"x":-0.3190208971500397,"y":0.14118842780590058,"z":-0.048126015812158588,"w":-0.9359356164932251},"size":179.20692443847657,"orthographic":false}