{"cameraMode":{"drawMode":0,"name":"Shaded","section":"Shading Mode"},"sceneLighting":false,"audioPlay":false,"sceneViewState":{"showFog":true,"showMaterialUpdate":false,"showSkybox":false,"showFlares":true,"showImageEffects":true,"showParticleSystems":true},"in2DMode":false,"pivot":{"x":-3.7643070220947267,"y":-0.7177276611328125,"z":95.14832305908203},"rotation":{"x":-0.13191930949687959,"y":-0.8205422163009644,"z":0.21022891998291017,"w":-0.5148900151252747},"size":31.0098934173584,"orthographic":false}